,uuid,title,title_short,description,since,till,updated,part,title_mirrored,content_creator,content_id,base_id
0,26a84cc8-78dd-3c07-b67c-9fa18c5c3a65,Rusové Turnovu zahráli na rozloučenou Internacionálu,Rusové Turnovu zahráli na rozloučenou Internacionálu,"<p>Na ten květnový den roku 1990, kdy poslední sovětský voják nastupoval do vlaku na nádraží v Turnově, Václav Šolc nikdy nezapomene. S velkým uspokojením se díval za vagóny, které odvážely okupantskou posádku z města u Českého ráje. Více než pět tisíc vojáků sovětské raketové brigády tady žilo přes dvacet let. Václav Šolc se stal po revoluci prvním starostou. A také prvním člověkem, který s armádou vyjednal odchod.</p>",2011-01-04 14:40:00+01:00,2011-01-04 14:41:00+01:00,2021-06-21 11:50:10+02:00,,Odpolední Radiožurnál,radiozurnal,6581559,
1,4dce34e5-71ae-302d-a6bd-14b5a3e2bd3b,Jak se vysazují lososi,Jak se vysazují lososi,"
Kdo je zodpovědný za likvidaci lososů v České republice? Nečekejte žádné konkrétní jméno, je to obecně člověk. Člověk před 60 lety lososa vyhubil a člověk se 13 let snaží do severočeských řek tuto rybu vrátit.
",2011-05-11 00:00:00+02:00,2011-05-11 00:03:00+02:00,2020-10-22 00:30:08+02:00,,Odpolední Radiožurnál,unknown,8690794,
2,e9f3b8e7-47fa-375f-aaa1-9fa85b8429c3,"Ve Dvoře Králové můžete autem až mezi zebry, lvy a nosorožce","Ve Dvoře Králové můžete autem až mezi zebry, lvy a nosorožce","
Zoologická zahrada ve Dvoře Králové nad Labem poprvé otevřelo brány návštěvníkům ve vlastních autech. Ti budou projíždět safari, na trase dlouhé šest kilometrů projedou zhruba 50 hektarů zoo s téměř 600 africkými zvířaty pěti desítek druhů.
",2011-06-01 15:50:00+02:00,2011-06-01 15:51:00+02:00,2020-10-22 00:30:09+02:00,,Odpolední Radiožurnál,unknown,5898248,
3,f24fa3f5-ac44-3a51-8684-992809006fc6,Do centra Vídně se autem raději nepouštějte,Do centra Vídně se autem raději nepouštějte,"
Prázdniny se chýlí ke konci, ale možná stále ještě přemýšlíte, kam vyrazit s dětmi na nějaký výlet, možná i trochu delší. Co byste řekli třeba cestě do Vídně? V seriálu Radiožurnálu Autem po Evropě vám naše zpravodajka Marie Woodhamsová tentokrát poradí, jak se dá v rakouské metropoli velmi výhodně pohybovat.
",2011-08-01 15:50:00+02:00,2011-08-01 15:53:54+02:00,2020-10-22 00:30:09+02:00,,Odpolední Radiožurnál,unknown,8806713,
4,f531a168-f871-3c5f-b24b-d635d26e816d,Hranický autokemp jako výchozí místo pro zajímavé výlety,Hranický autokemp jako výchozí místo pro zajímavé výlety,"
Hranický autokemp sice nepatří k nejmladším a nejmodernějším, turistům však nabízí všechny základní služby. Už pět desítek let slouží motoristům na okraji města, kousek od lázní Teplice nad Bečvou. Pro svoji strategickou polohu je vyhledávaný jak českými, tak i zahraničními turisty. Stojí totiž na místě, odkud to není daleko na Hanou, do Beskyd nebo na Valašsko. Na místě byla Jana Zemková.
",2011-08-02 15:50:00+02:00,2011-08-02 15:52:57+02:00,2020-10-22 00:30:08+02:00,,Odpolední Radiožurnál,unknown,8799258,
5,3fa626cc-2790-3a4f-88d2-c2796a4a15a8,Na švédských silnicích je klidný až nudný provoz,Na švédských silnicích je klidný až nudný provoz,"
Dnes zamíříme na sever Evropy, konkrétně do Švédska. Náš spolupracovník Tomáš Sniegoň se nám pokusí vysvětlit, proč je právě Švédsko jednou ze zemí, jejíž silniční provoz se v Evropě řadí k těm vůbec nejbezpečnějším. A co dělá severská policie proti těm, kteří bezpečnost narušují.
",2011-08-08 15:50:00+02:00,2011-08-08 15:53:21+02:00,2020-10-22 00:30:09+02:00,,Odpolední Radiožurnál,unknown,8806719,
6,382a1d86-bc6b-3cad-b2fa-8f31e13cf1fe,Bruselská veřejná doprava za moc nestojí,Bruselská veřejná doprava za moc nestojí,"
Je lepší nechat auto na parkovišti u Atomia nebo se vydat přímo do srdce belgické metropole? Těm, kteří by chtěli o prázdninách navštívit sídelní město evropských institucí Brusel, dáme několik dobrých rad. A budeme je mít přímo od pramene – totiž od našeho bruselského zpravodaje Pavla Nováka.
",2011-08-10 15:50:00+02:00,2011-08-10 15:53:31+02:00,2020-10-22 00:30:09+02:00,,Odpolední Radiožurnál,unknown,8806722,
7,15ac0a48-e7ce-3888-920c-5015feee041e,"Z Česka do Skotska, a třeba pod stan","Z Česka do Skotska, a třeba pod stan","
S Radiožurnálem se vydáme nikoliv z Čech až na konec světa, úplně nám postačí Skotsko. I tak to někomu může připadat jako výprava na konec světa, a rozhodně ji není možné zvládnout v jednom tahu. Skotsko přímo miluje náš spolupracovník ve Spojeném království Milan Kocourek. Trasu už projel několikrát.
",2011-08-11 15:50:00+02:00,2011-08-11 15:53:37+02:00,2020-10-22 00:30:09+02:00,,Odpolední Radiožurnál,unknown,8806728,
8,70a160f4-3c71-3911-a5bd-f23d514c94a6,Zloději číhají taky na španělských silnicích,Zloději číhají taky na španělských silnicích,"
Oblíbeným cílem českých výletníků je kromě Itálie nebo Chorvatska také Španělsko. Z hlediska turistiky bezpečná země, ovšem na dálnicích to neplatí tak docela. Občas se totiž v médiích objeví zprávy o tom, že se motoristé stali terčem zločineckých band. Jak často, o tom si promluvíme s naší spolupracovnicí ve Španělsku Ľubicou Zlochovou.
",2011-08-16 15:50:00+02:00,2011-08-16 15:52:55+02:00,2020-10-22 00:30:10+02:00,,Odpolední Radiožurnál,unknown,8806734,
9,7aee040a-7c9b-3ba8-a8a3-3e451697eaed,Krkonoše bez námahy v sedle elektrokola,Krkonoše bez námahy v sedle elektrokola,"
V dnešním dílu seriálu Autem po Evropě se vydáme po Krkonoších na elektrokole. Bez zbytečné dřiny a potu si můžete projet ta nejhezčí místa nejvyšších českých hor. Stačí dojet autem ke sportovnímu areálu pod skokanské můstky v Harrachově a elektrokolo si půjčit. Vyzkoušela si to i redaktorka Eliška Pilařová.
",2011-08-17 15:50:00+02:00,2011-08-17 15:52:55+02:00,2020-10-22 00:30:10+02:00,,Odpolední Radiožurnál,unknown,8806737,
10,b171f755-525d-3fae-94c3-2750c2dc54ea,Vysokým Mýtem křižuje hlídka VB na motocyklu,Vysokým Mýtem křižuje hlídka VB na motocyklu,"
Když řidič zahlédne policistu, většinou ubere plyn nebo se připoutá či odstraní jiný prohřešek, který by mohl skončit pokutou. A tak tomu bylo i v dobách, kdy naše silnice brázdily motocykly Jawa 350 v barvách Veřejné bezpečnosti. Třistapadesátky začaly u VB sloužit v roce 1966 tehdy ještě v modrobílém nátěru. V 70. letech se pak začala místo modré barvy používat žlutá. Na takový motocykl občas narazíte i v okolí Vysokého Mýta, kde na něm jezdí jeden sběratel. Narazil na něj i redaktor Martin Karlík.
",2011-08-25 15:50:00+02:00,2011-08-25 15:52:36+02:00,2020-10-22 00:30:10+02:00,,Odpolední Radiožurnál,unknown,8806740,
11,072f38a9-8f63-3682-8cf3-f38e8b3b7cf1,V Dánsku krátí cesty motoristům moderní mosty,V Dánsku krátí cesty motoristům moderní mosty,"
Cestovat po Dánsku autem je velice pohodlné. V případě, že je pasažérů více, jedná se také o levnější variantu, než jakou je hromadná doprava. V našem seriálu Autem po Evropě jsme už o Skandinávii mluvili. Konkrétně o silnicích a cestování automobilem ve Švédsku. S naším spolupracovníkem Tomášem Sniegoněm se dnes podíváme do Dánska.
",2011-08-26 15:50:00+02:00,2011-08-26 15:53:04+02:00,2020-10-22 00:30:10+02:00,,Odpolední Radiožurnál,unknown,8806746,
12,c1bde8c0-fc5e-3432-beae-2bf6f0581abb,Překročení rychlosti vám maďarští policisté neodpustí,Překročení rychlosti vám maďarští policisté neodpustí,"
Autem se dnes podíváme do Maďarska. Jednak přes ně často jezdíme, ale je to i stálý cíl neustále rostoucího počtu českých turistů. Říká to náš budapešťský spolupracovník Gregor Martin Papucsek. Poslechněte si, proč nám nabídl podrobný pohled na maďarské dálnice.
",2011-08-29 15:50:00+02:00,2011-08-29 15:53:27+02:00,2020-10-22 00:30:08+02:00,,Odpolední Radiožurnál,unknown,8799264,
13,83563aef-1155-338f-a8e9-7cc9f373ceae,Orlické hory si můžete vychutnat ze sedla čtyřkolky,Orlické hory si můžete vychutnat ze sedla čtyřkolky,"
Orlickým horám se přezdívá ráj cyklistů. Pokud ale nepatříte zrovna k vyznavačům cyklistiky a chtěli byste si užít nádherné výhledy do podhůří hor, můžete se na vyjížďku vypravit třeba na čtyřkolce. Zkusil to i Martin Pařízek a tady jsou jeho zážitky. 
",2011-08-30 15:50:00+02:00,2011-08-30 15:53:05+02:00,2020-10-22 00:30:08+02:00,,Odpolední Radiožurnál,unknown,8799261,
14,0c6b3c0c-5029-3174-9ac4-2ac7e047c2ab,"Polské silnice mají mizernou kvalitu, pomalá jízda je nutností","Polské silnice mají mizernou kvalitu, pomalá jízda je nutností","
Cestování v zimě po polských cestách se nijak neliší od toho ve zbytku roku. Polákům pořád chybí systém dálnic a jízda u našich severních sousedů je poměrně riskantní. Proč? To se dozvíme od našeho varšavského zpravodaje Petra Vavroušky.
",2012-01-09 15:50:00+01:00,2012-01-09 15:52:46+01:00,2020-10-22 00:30:10+02:00,,Odpolední Radiožurnál,unknown,8806755,
15,fa660196-9922-3bae-ae9d-53443839ec6a,Řidičům v Maďarsku nastaly krušné časy,Řidičům v Maďarsku nastaly krušné časy,"
Maďarsko sice není typicky zimní turistická destinace. Přesto se vyplatí shrnout novinky na maďarských silnicích a v jejich okolí. Je jich totiž letos hodně. Rozebereme klasické otázky zimních pneumatik, dálničních poplatků a cen pohonných hmot.
",2012-01-11 15:50:00+01:00,2012-01-11 15:52:58+01:00,2020-10-22 00:30:10+02:00,,Odpolední Radiožurnál,unknown,8806758,
16,60a23049-d2f9-3377-ad12-290b33404a2f,Na zastupitelské úřady se obracejte opravdu jen v krajní nouzi,Na zastupitelské úřady se obracejte opravdu jen v krajní nouzi,"
„Pohádali jsme se s manželkou a ona mě tu nechala. Zajistěte mi cestu domů.“ I s takovými žádostmi se na naše velvyslanectví obracejí turisté při svých cestách do zahraničí. Pokud se i vy chystáte za lyžováním mimo republiku, mohou vám následující informace ušetřit problémy.
",2012-01-12 15:50:00+01:00,2012-01-12 15:52:35+01:00,2020-10-22 00:30:11+02:00,,Odpolední Radiožurnál,unknown,8806770,
17,3ae4c2ad-152a-38e0-901c-534520ea0d51,"Na slovenských silnicích se nejezdí, ale útočí","Na slovenských silnicích se nejezdí, ale útočí","
Chystáte se na zimní dovolenou na Slovensko? Nebo jenom na víkendovou lyžovačku do Tater? Nabízíme pár užitečných tipů, které se můžou hodit. Autem po Evropě s Radiožurnálem tentokrát nepojedeme moc daleko.
",2012-01-13 15:50:00+01:00,2012-01-13 15:52:14+01:00,2020-10-22 00:30:11+02:00,,Odpolední Radiožurnál,unknown,8806761,
18,82fbca9f-a41a-3d29-8c86-d662bdf27ab5,Slovinští pohraničníci budou zkoumat původ vašeho auta,Slovinští pohraničníci budou zkoumat původ vašeho auta,"
Tento týden si připomínáme dvacáté výročí nezávislosti Slovinska, a proto o něm častěji než obvykle mluvíme i na vlnách Radiožurnálu. Pojďme se podívat na slovinské silnice a dálnice. Patří k nejlépe udržovaným ve střední Evropě, a tak je cestování autem po Slovinsku příjemné.
",2012-01-16 15:50:00+01:00,2012-01-16 15:53:24+01:00,2020-10-22 00:30:11+02:00,,Odpolední Radiožurnál,unknown,8806767,
19,c968270e-ca42-3c1e-b1e8-809d4f47dd24,Hrad Loket má i v zimě otevřené brány,Hrad Loket má i v zimě otevřené brány,"
V pravidelném seriálu Autem po Evropě tentokrát nepojedeme přes celý kontinent. Pozveme vás na tuzemskou památku, která ale určitě stojí za vidění: hrad Loket na Sokolovsku. Ten je jedním z mála hradů, které jsou otevřené i v zimě. V tomto ročním období hrad navštíví měsíčně tisíce lidí.
",2012-01-17 15:50:00+01:00,2012-01-17 15:52:55+01:00,2020-10-22 00:30:11+02:00,,Odpolední Radiožurnál,unknown,8806776,
20,73a0a5e0-c8c4-3f41-9fdc-ede44b025f5f,Do centra Londýna jeďte raději veřejnou dopravou,Do centra Londýna jeďte raději veřejnou dopravou,"
V seriálu Autem po Evropě budeme cestovat po Velké Británii. Ta je mimo jiné proslulá i tím, že se na tamních silnicích jezdí na levé straně. Další pravidla silničního provozu jsou ale do značné míry stejná jako u nás, jak nám potvrdil spolupracovník ve Spojeném království Milan Kocourek.
",2012-01-18 15:50:00+01:00,2012-01-18 15:52:58+01:00,2020-10-22 00:30:11+02:00,,Odpolední Radiožurnál,unknown,8806773,
21,d454e3ad-3be3-38ac-88dc-d677e1646a7a,Boty nechejte v autě a nazujte rovnou běžky!,Boty nechejte v autě a nazujte rovnou běžky!,"
Sníh, který napadl i na úpatí Krkonoš, umožnil úpravu také níže položených lyžařských běžeckých okruhů a tratí. Třeba v Žacléři na východě Krkonoš lze doslova přímo z auta nazout běžky. V cyklu Autem po Evropě máme tedy pro vás pozvání na zajímavý zimní výlet pláněmi Královeckého sedla až k Vraním horám.
",2012-01-20 15:50:00+01:00,2012-01-20 15:52:31+01:00,2020-10-22 00:30:12+02:00,,Odpolední Radiožurnál,unknown,8806782,
22,cfb74e65-7cc3-3610-b814-2c099cb3451b,"Francouzské dálnice patří k nejdražším v Evropě, platí se i za tunely","Francouzské dálnice patří k nejdražším v Evropě, platí se i...","
V našem pravidelném seriálu Autem po Evropě se podíváme do Francie. Na co si musíte dát během cest pozor, jaké jsou záludnosti provozu na tamních silnicích a co naopak oceníte, o tom jsme si povídali s naším spolupracovníkem ve Francii Janem Šmídem.
",2012-01-23 15:50:00+01:00,2012-01-23 15:52:01+01:00,2020-10-22 00:30:12+02:00,,Odpolední Radiožurnál,unknown,8806785,
23,8272287b-6163-3f12-9be8-fbf7dc41cb59,V Beneluxu je sníh spíš vzácností,V Beneluxu je sníh spíš vzácností,"
Vysokými horami se pochlubit nemůžou. V zimních měsících se tam jezdí spíš za památkami. I na tamních silnicích vás ale občas může překvapit sníh. Budeme mluvit o zemích Beneluxu, tedy Belgii, Nizozemsku a Lucembursku. Pavla Nováka jsme tentokrát oslovili nikoliv jako našeho bruselského zpravodaje, ale jako řidiče.
",2012-01-25 15:50:00+01:00,2012-01-25 15:52:22+01:00,2020-10-22 00:30:12+02:00,,Odpolední Radiožurnál,unknown,8806794,
24,21712646-d917-395b-8c49-9d2d5553cdd6,Se sněžnicemi na nohou se dostanete i do nepřístupných míst,Se sněžnicemi na nohou se dostanete i do nepřístupných míst,"
Brodit se v půlmetrovém sněhu se dá jen těžko, ale když přezujete na sněžnice, navštívíte místa, na která byste se jen tak nepodívali. Jedinou nevýhodou sněžnic je, že pohon už je na vás. Romana Kostohryzová zjistila, že i když je chůze na sněžnicích jednoduchá, pro začátek je lepší zkusit ji s instruktorem.
",2012-01-27 15:50:00+01:00,2012-01-27 15:52:48+01:00,2020-10-22 00:30:12+02:00,,Odpolední Radiožurnál,unknown,8806797,
25,83ec55b3-9290-397d-9438-f47617951528,Jak řidiči bojují s pověstnou ruskou zimou?,Jak řidiči bojují s pověstnou ruskou zimou?,"
Jak na silnicích čelit nástrahám zimy? Jak řídit na ledu, sněhu a ve velkých mrazech? O tom teď možná přemýšlí nejeden český řidič. Bohaté zkušenosti přesně tohoto typu se hodí každému, kdo se v zimě vypraví do Ruska. Na co všechno se při cestě na tamní silnice připravit, o tom jsme mluvili s naší moskevskou zpravodajkou Lenkou Kabrhelovou.
",2012-01-30 15:50:00+01:00,2012-01-30 15:53:06+01:00,2020-10-22 00:30:12+02:00,,Odpolední Radiožurnál,unknown,8806788,
26,d44b1109-9e3e-3b2b-abe0-119e8dabf9e3,Pokuta v Británii? Raději ji pokorně zaplaťte,Pokuta v Británii? Raději ji pokorně zaplaťte,"
Pokuty se musejí platit všude. Doma i v cizině. Mezi nanejvýš nepříjemné pokuty se řadí ty za dopravní přestupky. Jak je to s pokutami v Británii? Mluvili jsme o tom s naším spolupracovníkem ve Spojeném království Milanem Kocourkem.
",2012-02-02 15:50:00+01:00,2012-02-02 15:53:53+01:00,2020-10-22 00:30:13+02:00,,Odpolední Radiožurnál,unknown,8806800,
27,ed0af2c8-82ab-3701-ad0d-f4fcc90d4621,"Z belgických dálnic mizí osvětlení, elektřina je drahá","Z belgických dálnic mizí osvětlení, elektřina je drahá","
Dálnice rovná, bez záplat a uzavřených úseků a ještě k tomu osvětlená. To by mohl být sen řidičů, kteří tráví v Evropě za volantem dlouhé hodiny. Aby se po dálnicích jezdilo co nejbezpečněji a nejpohodlněji, o to se snaží v mnoha zemích. Jen ve dvou z nich se dá ale zažít komfort jízdy po osvětlené dálnici: v  Belgii a Lucembursku.
",2012-02-07 15:50:00+01:00,2012-02-07 15:53:23+01:00,2020-10-22 00:30:13+02:00,,Odpolední Radiožurnál,unknown,8806806,
28,3e49187a-3835-3d76-a5d3-01ab10786cbf,"Naučte se zvládnout smyk, na kluzké silnici vás pak nepřekvapí","Naučte se zvládnout smyk, na kluzké silnici vás pak nepřekvapí","
Řidiči z jižní části Čech se stále častěji jezdí učit zvládat smyk do sousedního  Rakouska. Moderní polygon v Gmündu leží pár set metrů od státních hranic a domluvíte se tam česky.
",2012-02-08 15:50:00+01:00,2012-02-08 15:52:48+01:00,2020-10-22 00:30:13+02:00,,Odpolední Radiožurnál,unknown,8806809,
29,006c4c7e-f973-36a0-9fbe-eb4481eb1dc5,"Do Rakouska s reflexní vestou, řetězy a termoskou","Do Rakouska s reflexní vestou, řetězy a termoskou","
Pokud jezdíte často do Rakouska, bude vás dnešní díl seriálu Autem po Evropě zajímat. Naše vídeňská zpravodajka Marie Woodhamsová sleduje pravidelně situaci na horách a na silnicích, a tak jsme se jí zeptali rovnou: Jaké v Rakousku počasí a jaké jsou předpovědi meteorologů?
",2012-02-09 15:50:00+01:00,2012-02-09 15:52:05+01:00,2020-10-22 00:30:13+02:00,,Odpolední Radiožurnál,unknown,8806812,
30,de8de067-ba44-3130-9cfc-8400bab61ec0,Škola smyku je ve švédských autoškolách povinná,Škola smyku je ve švédských autoškolách povinná,"
Na cestu Autem po Evropě se tentokrát pomyslně vypravíme do Skandinávie. Tamní řidiči jsou vzhledem k tvrdším klimatickým podmínkám na zimu zvyklí. Co ale může překvapit nás? O tom jsme si povídali s naším skandinávským spolupracovníkem Tomášem Sniegoněm.
",2012-02-14 15:50:00+01:00,2012-02-14 15:53:17+01:00,2020-10-22 00:30:13+02:00,,Odpolední Radiožurnál,unknown,8806821,
31,16e0b4b7-e711-3f81-8919-9cd4d68c8c54,Do polských Krkonoš si určitě vezměte sněhové řetězy,Do polských Krkonoš si určitě vezměte sněhové řetězy,"
Jak se cestuje v zimě po Polsku? Odpověď na tuto otázku by se vám mohla hodit. K našim severním sousedům se chystá řada českých řidičů, třeba do Jakuszyc. Hned za hraničním přechodem v Harrachově je totiž běžecký areál, který hostí závody Světového poháru v běhu na lyžích. Užitečné rady pro řidiče nabízí náš zpravodaj v Polsku Petr Vavrouška.
",2012-02-17 15:50:00+01:00,2012-02-17 15:52:42+01:00,2020-10-22 00:30:13+02:00,,Odpolední Radiožurnál,unknown,8806827,
32,1f9c0838-272f-3273-ad64-db2370c0fe01,Neveselé prvenství Španělska: nejvíc zdrogovaných řidičů v Evropě,Neveselé prvenství Španělska: nejvíc zdrogovaných řidičů v...,"
Marihuana, kokain a jiné drogy za volantem – taková je realita Španělska. Právě v této evropské zemi totiž řidiči nejčastěji usedají za volant pod vlivem návykových látek. Jak zjistila naše tamní spolupracovnice Ľubica Zlochová, policisté se tomuto palčivému problému snaží čelit.
",2012-02-21 15:50:00+01:00,2012-02-21 15:53:03+01:00,2020-10-22 00:30:14+02:00,,Odpolední Radiožurnál,unknown,8806830,
33,33ee3880-914e-3ef0-9c21-8c5b6673c3de,"V rakouském Salzburgu si dali dostaveníčko myslivci, lovci a rybáři","V rakouském Salzburgu si dali dostaveníčko myslivci, lovci a...","
Do rakouského Salzburgu přijeli myslivci z celého světa. Začala tam totiž  tradiční myslivecká výstava, která je letos zaměřená především na lov vysoké zvěře a rybolov. K vidění tam je ale vše kolem myslivosti – od zbraní, trofejí, ukázek preparování až po terénní lovecká auta. Na veletrh zavítal i náš reportér Artur Kubica.
",2012-02-24 15:50:00+01:00,2012-02-24 15:52:40+01:00,2020-10-22 00:30:14+02:00,,Odpolední Radiožurnál,unknown,8806833,
34,60e3c23b-bece-39d5-aabb-7b4c1e0acc19,Dobře zaparkovat na horách je často umění,Dobře zaparkovat na horách je často umění,"
Parkování patří mezi základní dovednosti motoristů. Když ale parkujete na horách a všude je metr sněhu, bývá to problém. Poradíme vám, jak na to. Naše první doporučení zní: s autem na hory bez lopaty v zimě nemá smysl ani vyjíždět.
",2012-02-27 15:50:00+01:00,2012-02-27 15:52:48+01:00,2020-10-22 00:30:14+02:00,,Odpolední Radiožurnál,unknown,8806836,
35,6ab37f2f-cc0c-32a3-a30c-714210b865a1,Manželé z Česka si splnili sen. Otevřeli observatoř ve švýcarské vesničce Lü,Manželé z Česka si splnili sen. Otevřeli observatoř ve švýcarské vesničce Lü,"<p>Už 40 let zapisuje UNESCO na seznam kulturního a přírodního dědictví nejcennější památky světa. Švýcarský kanton Graubünden na něm zastupují Rhétská dráha, tektonická oblast Sardona a benediktinský klášter Müstair. V Graubündenu také najdete jediný švýcarský národní park, který UNESCO zařadilo na seznam biosférických rezervací.</p>",2012-08-27 15:10:00+02:00,2012-08-27 15:11:00+02:00,2021-01-07 13:30:21+01:00,,Odpolední Radiožurnál,radiozurnal,6583659,
36,b069a866-c46e-32c1-85dc-ab5be2daff08,"Splnit přání můžete i dospělým, kteří v domovech zůstávají, aby mohli dostudovat","Splnit přání můžete i dospělým, kteří v domovech zůstávají,...","
V dětských domovech zůstávají i ti, kterým už bylo 18 let. Jinou šanci nemají, protože by nemohli dokončit studium. V Potštejně na Rychnovsku se takové dříve týrané, zneužívané a zanedbané děti zapojily do projektu Českého rozhlasu Darujte hračku. Mají totiž spoustu zájmů, ke kterým patří také potřebné vybavení, a domov nemá tolik peněz, aby mohl splnit všechna přání. Například Láďa aktivně boxuje.
",2013-11-27 13:25:00+01:00,2013-11-27 13:26:00+01:00,2020-10-22 00:30:07+02:00,,Odpolední Radiožurnál,hradec-kralove,6444101,
37,cf5b8962-4e15-388e-b37c-668784b23f8f,V Novém Strašecí nacvičují vánoční Kameňák,V Novém Strašecí nacvičují vánoční Kameňák,"
I do dětského domova v Novém Strašecí na Rakovnicku letos přijde Ježíšek Českého rozhlasu. Z vaší darované hračky budou mít tamní děti určitě radost. Ještě předtím je ale čeká vánoční besídka, na kterou se pečlivě připravují.
",2013-12-02 13:40:00+01:00,2013-12-02 13:41:00+01:00,2020-10-22 00:30:07+02:00,,Odpolední Radiožurnál,region-praha-a-stredni-cechy,7859033,
38,e10c6663-9e75-383a-8a0f-d08c10f7df02,"Byla to chůze po tenkém ledě, vzpomínal Václav Havel po propuštění z vězení","Byla to chůze po tenkém ledě, vzpomínal Václav Havel po...","
Devět měsíců nepodmíněně – takový trest si vyslechl 21. února 1989 disident a dramatik Václav Havel. Do vězení ho soudkyně Obvodního soudu pro Prahu 3 poslala mimo jiné za pokus položit květiny k soše svatého Václava. A také za podněcování. V Rádiu Svobodná Evropa se totiž zmínil o upálení studenta Jana Palacha.
",2014-02-21 17:37:00+01:00,2014-02-21 17:38:00+01:00,2021-02-03 00:10:09+01:00,,Odpolední Radiožurnál,radiozurnal,6583749,
39,2a71ff82-742b-39e6-9b83-e7d374a3585e,Proč stojí jen Gabčíkovo? Maďarské Nagymaros se v 80. letech stalo rozbuškou,Proč stojí jen Gabčíkovo? Maďarské Nagymaros se v 80. letech...,"
Před 25 lety zastavila maďarská vláda práce na výstavbě společného vodního díla Gabčíkovo–Nagymaros. Gigantický projekt měl vyrůst na Dunaji, na hranicích Československa a Maďarska. Svou část dokončilo jen Československo. Přehradní nádrž s vodní elektrárnou měla zabránit záplavám. Z pohledu ochránců přírody to bylo dílo značně kontroverzní a v polovině 80. let minulého století se proti němu mohli hlasitěji ozvat.
",2014-05-15 13:45:00+02:00,2014-05-15 13:46:00+02:00,2021-02-03 00:10:08+01:00,,Odpolední Radiožurnál,radiozurnal,6582810,
40,6a14c7aa-60e0-3865-b2fe-ff65137d02fa,Takové shromáždění tu ještě nebylo. 17. listopadu zamířil dav na Národní třídu,Takové shromáždění tu ještě nebylo. 17. listopadu zamířil dav...,"
Brutální zásah proti studentské demonstraci 17. listopadu změnil život v Československu. Začalo to na Albertově, odkud se studenti vydali do centra Prahy.
",2014-11-17 18:45:00+01:00,2014-11-17 18:46:00+01:00,2021-02-03 00:10:09+01:00,,Odpolední Radiožurnál,radiozurnal,6583779,
41,21a6b0a5-4378-36ce-8aa4-b285b3ee54c8,Takhle se tvořily dějiny. V listopadu 1989 pozval předseda vlády Horáčka s Kocábem na zelňačku,Takhle se tvořily dějiny. V listopadu 1989 pozval předseda...,"
U mnoha historických událostí jsou nejdůležitější poradci: lidé, kteří mají nejblíže k velmi důležité osobě. Tak tomu bylo i v listopadu 1989, kdy se bortil komunistický režim v Československu. Mluvíme o Oskaru Krejčím – tehdy poradci československého premiéra Ladislava Adamce. Na druhé straně byli hudebník Michael Kocáb a textař Michal Horáček. Zastupovali nezávislou iniciativu Most, která už před 17. listopadem chtěla zprostředkovat dialog mezi vládnoucím komunistickým režimem a disentem.
",2014-11-19 12:40:00+01:00,2014-11-19 12:41:00+01:00,2021-02-03 00:10:09+01:00,,Odpolední Radiožurnál,radiozurnal,6582860,
42,ffd827bb-f5b9-3fd2-8176-a62bba317c08,19. listopadu 1989. Bratislava je s Prahou! Takhle vznikla Veřejnost proti násilí,19. listopadu 1989. Bratislava je s Prahou! Takhle vznikla...,"
Lidé v Československu se touto dobou před 25 lety stále dozvídali podrobnosti o brutálním policejním zásahu 17. listopadu v Praze na Národní třídě. V hlavním městě Československa právě vznikalo opoziční hnutí – Občanské fórum. A nezahálelo ani druhé největší město země – Bratislava. V Umělecké besedě u Dunaje se 19. listopadu odpoledne sešlo několik set lidí především z řad slovenských umělců. Mluvili spolu několik hodin. A jak konkrétně chtěli podpořit dění v Praze?
",2014-11-19 18:40:00+01:00,2014-11-19 18:41:00+01:00,2021-02-03 00:10:09+01:00,,Odpolední Radiožurnál,radiozurnal,6583782,
43,0edd0526-d9f3-306f-81fa-24578ae56857,Před 25 lety Václav Havel poprvé promluvil k veřejnosti. Před zaplněným Václavským náměstím,Před 25 lety Václav Havel poprvé promluvil k veřejnosti. Před...,"
Na Václavském náměstí se odpoledne 21. listopadu 1989 tvořily dějiny. Ke 200 tisícům lidí poprvé promluvil muž, který se stal symbolem revolučních dnů – komunistickým režimem nenáviděný Václav Havel.
",2014-11-21 17:10:00+01:00,2014-11-21 17:11:00+01:00,2021-02-03 00:10:09+01:00,,Odpolední Radiožurnál,radiozurnal,6583797,
44,06425578-6461-3330-a440-dc18c538df7e,"O soudruhu Gottwaldovi snad nikdo nepochybuje, zaznělo 24. listopadu 89 v Liberci","O soudruhu Gottwaldovi snad nikdo nepochybuje, zaznělo 24....","
Vypravíme se zpátky do podzimu 1989. Bylo 24. listopadu a nejdiskutovanějšími slovy v Československu byla generální stávka. Na 27. listopadu ji vyhlásilo nově ustavené Občanské fórum a studenti. Po celé zemi se lidé v továrnách a úřadech radili, jak se ke stávce připojí. Tou dobou se rozhodovali také zaměstnanci Vysoké školy strojní a textilní v Liberci.
",2014-11-24 14:50:00+01:00,2014-11-24 14:52:00+01:00,2021-02-03 00:20:18+01:00,,Odpolední Radiožurnál,radiozurnal,7782248,
45,d8834aa3-0a22-3abb-9346-4c49328d6398,Polsko bylo v listopadu 1989 dál. Katolický premiér Mazowiecki mluvil v Moskvě o Katyni,Polsko bylo v listopadu 1989 dál. Katolický premiér...,"
Před 25 lety v Československu sice stále ještě vládli komunisté, ale lidé na náměstích volali po změně a připravovali se na generální stávku. V sousedním Polsku byli dál. Zástupci opozice, odborového hnutí Solidarita, kterou vedl nositel Nobelovy ceny za mír Lech Walesa, už zasedali v parlamentu. A od září byl polským premiérem Tadeusz Mazowiecki ze Solidarity, která měla v nové vládě drtivou většinu.
",2014-11-24 15:37:00+01:00,2014-11-24 15:39:00+01:00,2021-02-03 00:10:10+01:00,,Odpolední Radiožurnál,radiozurnal,6583806,
46,319febf2-bf91-3a36-a4a4-e5ab47ae0d3c,Dubček na hrad! skandovalo se v Praze. Symbol pražského jara podpořil Občanské fórum,Dubček na hrad! skandovalo se v Praze. Symbol pražského jara...,"
Václav Havel a Alexander Dubček – dvě výrazné osobnosti přelomových dnů podzimu 1989. 24. listopadu 1989 přivítalo plné pražské Václavské náměstí poprvé právě Alexandera Dubčeka. Muž, který se stal symbolem nedokončených změn pražského jara 1968 a o dva roky později byl vyloučen z KSČ, sklidil obrovský potlesk.
",2014-11-24 16:37:00+01:00,2014-11-24 16:38:00+01:00,2021-02-03 00:10:10+01:00,,Odpolední Radiožurnál,radiozurnal,6583812,
47,f047c95c-795b-369c-98f1-68b16863b410,"Odstupujeme, prohlásil Miroslav Štěpán. Funkcionáři KSČ mu tleskali","Odstupujeme, prohlásil Miroslav Štěpán. Funkcionáři KSČ mu...","
Miroslav Štěpán se stal symbolem násilnického způsobu vlády KSČ před listopadem 1989. Šéf pražských komunistů a také náčelník Lidových milicí prosazoval v hlavním městě ostrý kurz proti politické opozici a rozhodoval o potlačování občanských demonstrací v letech 1988 až 1989. Občanské fórum už v prvním prohlášení požadovalo jeho odchod z funkce.
",2014-11-25 13:50:00+01:00,2014-11-25 13:51:00+01:00,2023-06-16 08:29:45+02:00,,Odpolední Radiožurnál,radiozurnal,6582869,
48,32055972-437a-381e-bc9c-a3fa19a51478,Pět kilometrů dlouhý lidský řetěz překvapil. Petr Cibulka a další disidenti však zůstali ve vězení,Pět kilometrů dlouhý lidský řetěz překvapil. Petr Cibulka a...,"
V listopadu 1989 se lidé se scházeli na náměstích nejen v Praze. 26. listopadu 1989 se sešli také v Brně na náměstí Svobody. Studenti tu zorganizovali akci s názvem Za ruce kolem Brna s jediným cílem – spojit lidským řetězem centrum města s vězením v Bohunicích, ve kterém byl už víc než rok uvězněný disident Petr Cibulka.
",2014-11-26 15:15:00+01:00,2014-11-26 15:16:00+01:00,2021-02-03 00:10:10+01:00,,Odpolední Radiožurnál,radiozurnal,6583818,
49,64230034-4f6c-392c-9bf4-65d3e8bdf190,Prahu ochromila v listopadu 1989 stávka. Zastavilo se i metro,Prahu ochromila v listopadu 1989 stávka. Zastavilo se i metro,"
27. listopadu 1989 se Československo na dvě hodiny zastavilo. V poledne totiž začala dvouhodinová manifestační generální stávka. Jejím heslem bylo: Konec vlády jedné strany. Stávkovaly až tři čtvrtiny všech zaměstnanců úřadů a továren.
",2014-11-27 12:10:00+01:00,2014-11-27 12:11:00+01:00,2021-02-03 00:10:09+01:00,,Odpolední Radiožurnál,radiozurnal,6582893,
50,a9fe3abb-2f7e-37f3-91ca-47a47d959389,Takhle vypadala Praha po generální stávce. Na manifestaci vystoupil Klaus i Komárek,Takhle vypadala Praha po generální stávce. Na manifestaci...,"
27. listopadu 1989 bylo Václavské náměstí v Praze znovu plné lidí. Byly dvě hodiny po generální stávce a lidé dali jasně najevo, že chtějí změny. Generální stávka se podařila, konstatoval v centru Prahy Jiří Kantůrek z Občanského fóra.
",2014-11-27 17:10:00+01:00,2014-11-27 17:11:00+01:00,2021-02-03 00:10:10+01:00,,Odpolední Radiožurnál,radiozurnal,6583821,
51,2d936d24-8338-3429-9204-ff0370a4d52f,Komunisté svolili ke změně ústavy. Co v listopadu 89 zaznělo ve Federálním shromáždění?,Komunisté svolili ke změně ústavy. Co v listopadu 89 zaznělo...,"
Dva dny po generální stávce v listopadu 1989 studenti a Občanské fórum dosáhli jednoho úspěchu. Komunisté svolili ke změně ústavy. V ní komunisté psali o vedoucí úloze KSČ ve společnosti a státě. Marxismus-leninismus byl oficiální státní ideologií. Lidská práva nic neznamenala. A to dlouhá desetiletí až do 29. listopadu 1989.
",2014-11-29 14:10:00+01:00,2014-11-29 14:11:00+01:00,2021-02-03 00:10:09+01:00,,Odpolední Radiožurnál,radiozurnal,6582899,
52,faaf434b-7aec-3ddf-b7b4-68e337c478c0,Kdo nese odpovědnost za zásah na Národní třídě? Jakeš a Štěpán se k ní nepřihlásili,Kdo nese odpovědnost za zásah na Národní třídě? Jakeš a...,"
Sjezd rolníků dostal před 25 lety nečekaný náboj. Vystoupil na něm armádní velitel a naznačil, že je ochotný zasáhnout v Praze…
",2014-12-01 14:00:00+01:00,2014-12-01 14:01:00+01:00,2021-02-03 00:10:10+01:00,,Odpolední Radiožurnál,radiozurnal,6583836,
53,7de1a529-eda2-332c-a215-b6a91c706145,Junák se znovu hlásí o slovo. A pomáhá i Věra Čáslavská,Junák se znovu hlásí o slovo. A pomáhá i Věra Čáslavská,"
Před 25 lety se o slovo v Československu znovu hlasitě přihlásil Junák, tradiční svaz skautů a skautek, který s výjimkou krátkého období kolem roku 1968 komunisté na čtyřicet let potlačili. Řada skautských vedoucích tak měla za sebou vězení z politických důvodů, nebo dlouhá léta působení v ilegalitě. Skauti se 2. prosince 1989 sešli v Praze na obnovující schůzi.
",2014-12-02 14:10:00+01:00,2014-12-02 14:11:00+01:00,2021-02-03 00:10:09+01:00,,Odpolední Radiožurnál,radiozurnal,6582911,
54,7a5eef5e-4eea-3060-87c2-3193b81df2f4,"Klaus, Dlouhý nebo Kočárník. Odborníci z Prognostického ústavu mířili v prosinci 89 do vlády","Klaus, Dlouhý nebo Kočárník. Odborníci z Prognostického...","
5. prosince 1989 hledalo Občanské fórum nejvhodnější podobu federální a české vlády, která by vyhovovala veřejnosti. Federální vládu představenou premiérem Ladislavem Adamcem dva dny předtím občané v Čechách i na Slovensku bouřlivě odmítli. Občanské fórum a Veřejnost proti násilí proto začaly hledat vlastní kandidáty.
",2014-12-05 13:37:00+01:00,2014-12-05 13:38:00+01:00,2021-02-03 00:10:09+01:00,,Odpolední Radiožurnál,radiozurnal,6582905,
55,3df5e5fb-947b-31ef-8d13-7f9cedf0cd6c,Nobelova cena pro dalajlámu! Získá ji někdy Václav Havel?,Nobelova cena pro dalajlámu! Získá ji někdy Václav Havel?,"
10. prosinec 1989 byl významným dnem pro bojovníky za lidská práva. Nobelovu cenu míru tehdy v norském Oslu převzal tibetský duchovní vůdce dalajláma. Mnozí lidé nejen v Československu už tehdy doufali, že by cenu mohl jednou dostat i disident a nastupující symbol listopadové revoluce Václav Havel, který dalajlámu pozval do Československa už v roce 1990.
",2014-12-10 14:37:00+01:00,2014-12-10 14:38:00+01:00,2021-02-03 00:10:09+01:00,,Odpolední Radiožurnál,radiozurnal,6582914,
56,e3f3c93d-4aaa-3fcb-a261-761efbbfd5cf,Zlatý hřeb prosincové manifestace: Václav Havel oznámil kandidaturu na prezidenta,Zlatý hřeb prosincové manifestace: Václav Havel oznámil...,"
Před 25 lety ohlásilo Občanské fórum kandidaturu Václava Havla na prezidentský úřad. Československo už mělo pár hodin novou vládu, ve které byli poprvé po čtyřech desetiletích členové KSČ v menšině. Prezident a symbol normalizace Gustáv Husák odstoupil, a tak se uzavřela další kapitola sametové revoluce. Návrh na zvolení Václava Havla prezidentem odstartoval její další dějství.
",2014-12-10 15:10:00+01:00,2014-12-10 15:11:00+01:00,2021-02-03 00:10:10+01:00,,Odpolední Radiožurnál,radiozurnal,6583842,
57,753b33dc-2dd4-34e9-8349-bb2d24f2a884,"Čalfa, Klaus, Dlouhý, Čarnogurský – ti všichni usedli ve vládě národního porozumění","Čalfa, Klaus, Dlouhý, Čarnogurský – ti všichni usedli ve...","
10. prosince 1989 vznikla v Československu vláda národního porozumění. Sestavil ji komunistický premiér Marián Čalfa a poprvé po čtyřech desetiletích v ní byli členové KSČ v menšině. Na Pražském hradě složili slib do rukou prezidenta Gustáva Husáka, který hned poté dopisem Federálnímu shromáždění oznámil svou rezignaci. Uzavřela se tak další kapitola sametové revoluce.
",2014-12-10 15:50:00+01:00,2014-12-10 15:51:00+01:00,2021-02-03 00:10:10+01:00,,Odpolední Radiožurnál,radiozurnal,6583847,
58,8c52ce50-03b6-3b3b-ba17-c57a8475716f,Volte Havla! skandovali lidé v prosinci 1989. Tehdy začala bitva o prezidentské křeslo,Volte Havla! skandovali lidé v prosinci 1989. Tehdy začala...,"
Havel, Dubček, Adamec, Císař – jeden z těchto čtyř mužů se před 25 lety mohl stát novým československým prezidentem. Kandidátem Občanského fóra a studentů byl Václav Havel. Podporu mu vyjadřovali i před budovou Federálního shromáždění.
",2014-12-11 16:37:00+01:00,2014-12-11 16:38:00+01:00,2021-02-03 00:20:18+01:00,,Odpolední Radiožurnál,radiozurnal,7760900,
59,0b02ea55-0ddd-34e9-b279-9d1e284d74d3,Dopravní chaos a útrata za čtyři šilinky. I takhle vypadala první cesta Čechů do Vídně,Dopravní chaos a útrata za čtyři šilinky. I takhle vypadala...,"
V úterý 12. prosince 1989 si brali Češi a Slováci jednodenní dovolenou. Všichni ze stejného důvodu. Kvůli cestě do Vídně, města, kam se po desítky let nesmělo, protože leželo na zakázaném kapitalistickém Západě.
",2014-12-12 13:10:00+01:00,2014-12-12 13:11:00+01:00,2021-02-03 00:10:09+01:00,,Odpolední Radiožurnál,radiozurnal,6582920,
60,393fc004-82e1-3388-9fe9-05c7366d1a8f,Nevídaný krok. KSČ navrhla v prosinci 1989 přímou volbu prezidenta,Nevídaný krok. KSČ navrhla v prosinci 1989 přímou volbu...,"
Před 25 lety přivítali lidé v Československu návrh na přímou volbu prezidenta, byť s ním přišli komunisté. Považovali ho za velmi demokratický, jenže ze strany KSČ to byl jen strategický tah, jak nechat zvolit Ladislava Adamce.
",2014-12-12 17:49:00+01:00,2014-12-12 17:50:00+01:00,2023-06-16 08:29:45+02:00,,Odpolední Radiožurnál,radiozurnal,6583856,
61,fed9dda5-1d49-3d6d-815c-2ace7cbe9b35,Proslov nabitý emocemi. Takhle Petr Pithart promluvil ve Federálním shromáždění,Proslov nabitý emocemi. Takhle Petr Pithart promluvil ve...,"
Před 25 lety žilo Československo volbou prezidenta. Zástupce stávkujících vysokoškoláků Martin Mejstřík oznámil, že pokud se prezidentem stane Václav Havel, studenti ukončí stávku. Za zvolení Václava Havla studenti každý den manifestovali před budovou parlamentu a řidiči jedoucí kolem budovy je podporovali troubením.
",2014-12-18 18:37:00+01:00,2014-12-18 18:38:00+01:00,2021-02-03 00:10:10+01:00,,Odpolední Radiožurnál,radiozurnal,6583908,
62,4c97a7f3-cbba-3d45-b803-d36cfcdd01f1,Blesková návštěva v Moskvě. Jak se jednalo o odchodu sovětských vojáků z Československa?,Blesková návštěva v Moskvě. Jak se jednalo o odchodu...,"
V roce 1968 obsadila Československo vojska Sovětského svazu a dalších komunistických armád a zůstala tady přes 20 let. V prosinci roku 1989 bychom na území Československa napočítali 150 tisíc cizích vojáků. Jenže jim začínaly odtikávat poslední měsíce pobytu.
",2014-12-20 17:43:00+01:00,2014-12-20 17:44:00+01:00,2021-02-03 00:10:10+01:00,,Odpolední Radiožurnál,radiozurnal,6583911,
63,25406a47-c969-3535-ac91-0c55a28c70a8,"Ministři se vybavili pákovými nůžkami a stříhali dráty, víza ale nezrušili","Ministři se vybavili pákovými nůžkami a stříhali dráty, víza...","
Hned dvakrát za jediný týden se v prosinci roku 1989 slavnostně stříhaly ostnaté dráty na hranicích Československa. Nejdříve padnul plot směrem do Rakouska a pak přišlo na řadu Německo. Právě před 25 lety touto dobou se nedaleko Rozvadova sešli československý a německý ministr zahraničí. A vydali se do lesa vybavení velkými pákovými nůžkami…
",2014-12-23 14:10:00+01:00,2014-12-23 14:11:00+01:00,2021-02-03 00:10:08+01:00,,Odpolední Radiožurnál,radiozurnal,6580986,
64,83451057-1646-3bd8-b812-588df11222aa,"Potlesk diváka a zatracení bolševikem. Hra Posel z Liptákova se psala těžko, vzpomíná Zdeněk Svěrák","Potlesk diváka a zatracení bolševikem. Hra Posel z Liptákova se psala těžko, vzpomíná Zdeněk Svěrák","<p>V Liptákově to všechno začalo a tak je logické, že tam, tedy v Příchovicích u Kořenova, bude za přítomnosti Radiožurnálu Divadlo Járy Cimrmana slavit vstup do pades...</p>",2016-09-21 17:40:00+02:00,2016-09-21 17:41:00+02:00,2020-02-13 11:00:06+01:00,,Odpolední Radiožurnál,unknown,6584040,
65,d6df4c34-3efb-3095-80c0-5377588d1bab,Češi uctívají Památku zesnulých květinami a svíčkami. Jinde ve světě mají Halloween i velké obřady,Češi uctívají Památku zesnulých květinami a svíčkami. Jinde ve světě mají Halloween i velké obřady,"<p>Dnes si lidé po celém Česku připomínají své zemřelé příbuzné a přátele. Památka zesnulých nebo lidově Dušičky má v evropských zemích tradici už od středověku. Ke svátkům se vztahovala řada lidových pověr a zvyků. V předvečer Dušiček prý duše vystupují z očistce, aby si jednou za rok odpočinuly od svého trápení.</p>",2016-11-02 12:35:00+01:00,2016-11-02 12:36:00+01:00,2021-11-28 11:20:07+01:00,,Odpolední Radiožurnál,radiozurnal,6524871,
66,286afb9f-92b5-3a67-bd05-00138d8d9d3b,Takhle se zrodil zvukový záznam. A po fonografu přišel gramofon,Takhle se zrodil zvukový záznam. A po fonografu přišel gramofon,<p>Radiožurnál si můžete pustit i v autě nebo třeba na internetu. To je pro nás dnes naprosto běžná věc. Teď budeme mluvit o historii záznamu zvuku. Protože právě před 139 lety vznikla první zvuková nahrávka. Bylo to díky vynálezu fonografu. S touto novinkou přišel Thomas Alva Edison.</p>,2016-12-06 12:35:00+01:00,2016-12-06 12:37:25+01:00,2023-06-16 08:29:45+02:00,,Odpolední Radiožurnál,radiozurnal,6581444,
67,aeb52a8a-84c4-3d2b-82f3-f513f14c8763,"Pustina, Rapl, Já Mattoni… Takhle vznikaly úspěšné televizní seriály","Pustina, Rapl, Já Mattoni… Takhle vznikaly úspěšné televizní seriály","<p>V české televizní tvorbě u diváků bodovaly hlavně seriály. Těch nových vznikla celá řada. Některé ve vysílání výraznou stopu nezanechaly, jiné ale nastavily pro seriálové tvůrce laťky zase o něco výš. Například seriál HBO Pustina považují odborníci za nový přelom v seriálové tvorbě.</p>",2016-12-23 12:35:00+01:00,2016-12-23 12:36:00+01:00,2021-05-25 10:10:08+02:00,,Odpolední Radiožurnál,radiozurnal,7760717,
68,cd6d5e66-1fe2-3bcb-b192-4533237a5211,Nejmladší prezidentský kandidát Emmanuel Macron je populární pro svůj vzhled i liberální postoje,Nejmladší prezidentský kandidát Emmanuel Macron je populární...,"
Kandiduje za hnutí, které sám založil, a necítí se být ani napravo, ani nalevo. Zastává ale jasně liberální názory. Například v manželství podle něj může být žena výrazně starší. Je také nadějí pro zastánce Evropské unie. Nejmladší z kandidátů na francouzského prezidenta ale není bez zkušeností.
",2017-04-20 16:00:00+02:00,2017-04-20 16:01:00+02:00,2023-06-19 09:15:36+02:00,,Odpolední Radiožurnál,radiozurnal,6535848,
69,ad97ee58-1f83-369f-b967-fe0ece95709b,"Zámky na Loiře neobjíždějte všechny. Raději pečlivě vybírejte, doporučuje kastelán jednoho z nich",Zámky na Loiře neobjíždějte všechny. Raději pečlivě vybírejte...,"
Každý z desítek zámků na Loiře má vlastní historii i poetiku. Tím nejznámějším je zřejmě Chambord, zatímco nejvíc lidí zamíří do Chenonceaunu. Ten je po Versailles druhým nejnavštěvovanějším zámkem ve Francii vůbec.
",2017-07-12 16:30:00+02:00,2017-07-12 16:31:00+02:00,2023-06-19 09:15:36+02:00,,Odpolední Radiožurnál,radiozurnal,6531237,
70,2dbf6c30-410d-337d-ae30-059303b03441,"České korálky jsou nejlepší, pochvaluje si náčelník kmene Mardi Gras. Vyšívá obrazce z indiánského života","České korálky jsou nejlepší, pochvaluje si náčelník kmene Mardi Gras","<p>Takzvaní Mardi Gras Indiáni nejsou vůbec Indiáni, ale Afroameričané. Setkávají se vždy v úterý před Popeleční středou v chudinské černošské čtvrti New Orleansu. Někteří jsou potomky původních amerických obyvatel. Většina ale jen vzdává hold indiánským kmenům, které v minulosti pomáhaly uprchlým otrokům.</p>",2018-02-19 11:50:00+01:00,2018-02-19 11:52:13+01:00,2023-02-24 04:00:16+01:00,,Odpolední Radiožurnál,radiozurnal,7754882,
71,0add731a-99b8-3d0d-8cce-a7078319419c,Z reformisty pragmatikem. Oldřich Černík se rychle připojil k normalizaci,Z reformisty pragmatikem. Oldřich Černík se rychle připojil k normalizaci,"<p>Dubček, Svoboda, Smrkovský, Černík. To je čtveřice nejvýraznějších představitelů pražského jara 1968, kteří usilovali o demokratizaci socialismu v Československu. O upřímném přístupu posledně jmenovaného, předsedy tehdejší vlády Oldřicha Černíka, lze však přinejmenším pochybovat. Později se tiše distancoval od Alexandra Dubčeka a přidal se ke Gustávu Husákovi.</p>",2018-08-02 13:40:00+02:00,2018-08-02 13:43:07+02:00,2023-06-26 14:05:01+02:00,4.0,Odpolední Radiožurnál,radiozurnal,8298833,
